Method,Accuracy,Precision,Recall,F1 score,AUC ROC,AUC PR,MCC
LR,0.95707656612529,0.8292682926829268,0.53125,0.6476190476190476,0.9139450187969924,0.6944433995483668,0.6435702980370788
RF,0.9524361948955916,0.7169811320754716,0.59375,0.6495726495726496,0.9240484022556391,0.6851731018629504,0.627496903606896
SVM,0.9419953596287703,0.6060606060606061,0.625,0.6153846153846154,0.8810502819548872,0.6418291872668263,0.5841058787005095
LSTM,0.9443155452436195,0.6428571428571429,0.5625,0.6000000000000001,0.8635651629072681,0.5917033291159477,0.5716862383317916
FCNN,0.9385150812064965,0.5932203389830508,0.546875,0.5691056910569106,0.8904879385964912,0.6158371433894714,0.5365744650136374
NB,0.9373549883990719,0.5862068965517241,0.53125,0.5573770491803278,0.9194470551378446,0.617646263165437,0.524491733492869
CNN,0.9350348027842227,0.5689655172413793,0.515625,0.5409836065573771,0.8911145050125313,0.6050694581155361,0.50682835350104
Lexicon,0.9361948955916474,0.5616438356164384,0.640625,0.5985401459854014,0.8027098997493733,0.6156099029018212,0.5654867217252577
KNN,0.9385150812064965,1.0,0.171875,0.29333333333333333,0.8872865758145363,0.5982378344186514,0.40146068493828424
